{
  "accuracy": 0.9284691598419335,
  "loss": 0.24372542023996563,
  "langs": [
    "de",
    "en",
    "es",
    "fr",
    "it",
    "ja",
    "pt",
    "ro",
    "zh"
  ]
}