{
  "train_loss": [
    1.6198978876014256,
    0.9719132583965038,
    0.7146080771620094,
    0.5750577326648885,
    0.49068666130549693,
    0.42947295672305147,
    0.38313290412813783,
    0.341973225013165,
    0.31166374253173945,
    0.2879484113323248,
    0.26482386110827383,
    0.24683009484944912,
    0.22847900472356278,
    0.21455699792924712,
    0.20130616742781715,
    0.19011292852410203,
    0.1807761409177003,
    0.1738541095618764,
    0.16480560656758175,
    0.1591104809902353,
    0.153046275160514,
    0.11600276000018128,
    0.10325005253833917,
    0.09690044650316701,
    0.09370397411344475,
    0.0895925965500382,
    0.08693911797926787,
    0.08605550186695861,
    0.08294005514044168,
    0.08161115385218239
  ],
  "val_loss": [
    1.1744668844283528,
    0.7341339964869906,
    0.5838604142602982,
    0.48864364471916927,
    0.42566918548696053,
    0.4130765738251435,
    0.3852561906308905,
    0.38276904010365076,
    0.338315405178177,
    0.3269539858550278,
    0.31204834995944286,
    0.3120397547817094,
    0.29826837773655906,
    0.29655036135951557,
    0.29388295783821966,
    0.2933057518986081,
    0.2784993855734921,
    0.29969422068599794,
    0.31247597896057094,
    0.289128333337209,
    0.2895329638784406,
    0.2532901287990354,
    0.24034535947320404,
    0.2524882219534153,
    0.23687984611785934,
    0.2335738980025512,
    0.2439816427564753,
    0.23703987404885107,
    0.24414441812893686,
    0.2476883397054048
  ],
  "val_acc": [
    0.6023137277360976,
    0.7519042437431991,
    0.8043067407364984,
    0.8394421854418418,
    0.8559647213790733,
    0.8633812496420594,
    0.8731745031785121,
    0.8756944046732719,
    0.888265276902812,
    0.8908138136418303,
    0.8960540633411603,
    0.8973712845770574,
    0.9048737185728194,
    0.9033846858713704,
    0.9030124276960082,
    0.9063341160300097,
    0.9116030009735983,
    0.9087967470362522,
    0.9010079605979039,
    0.9104862264475116,
    0.9082240421510795,
    0.9220262298837409,
    0.926550598476605,
    0.9226562052574309,
    0.9264646927438291,
    0.9286982417960025,
    0.9279250902010194,
    0.9286123360632266,
    0.929356852413951,
    0.9278964549567608
  ]
}