{
  "accuracy": 0.9284405245976748,
  "loss": 0.24291852694090427,
  "per_class": {
    "de": {
      "precision": 0.9196862159133358,
      "recall": 0.9276563677467973,
      "f1": 0.9236540986681673,
      "support": 2654
    },
    "en": {
      "precision": 0.8839907192575406,
      "recall": 0.9372693726937269,
      "f1": 0.9098507462686567,
      "support": 3252
    },
    "es": {
      "precision": 0.9013975155279503,
      "recall": 0.88558352402746,
      "f1": 0.8934205463639862,
      "support": 2622
    },
    "fr": {
      "precision": 0.952256244963739,
      "recall": 0.9495781438328647,
      "f1": 0.9509153087909877,
      "support": 4978
    },
    "it": {
      "precision": 0.9080670508119434,
      "recall": 0.8995848469122989,
      "f1": 0.9038060479666319,
      "support": 3854
    },
    "ja": {
      "precision": 0.9760186263096624,
      "recall": 0.9309349322673773,
      "f1": 0.952943850875199,
      "support": 4503
    },
    "pt": {
      "precision": 0.9046178665053438,
      "recall": 0.9282019449617215,
      "f1": 0.9162581699346405,
      "support": 4833
    },
    "ro": {
      "precision": 0.9211273317112734,
      "recall": 0.9187057633973711,
      "f1": 0.9199149539333806,
      "support": 4945
    },
    "zh": {
      "precision": 0.9763295419612665,
      "recall": 0.9679975617189881,
      "f1": 0.9721456994184267,
      "support": 3281
    }
  },
  "macro": {
    "precision": 0.9270545681068951,
    "recall": 0.9272791619509562,
    "f1": 0.9269899358022307
  },
  "weighted": {
    "precision": 0.9290536976293575,
    "recall": 0.9284405245976748,
    "f1": 0.9285738954269472
  }
}